00-00-04-871-b.png,
00-00-04-871.jpg,
003072-109-20190105033306.jpg,
003072-909-20170301013550-b.png,
003072-909-20170301013550.jpg,
0572-Scarlet-Macaw_MG_8868-b.png,
0572-Scarlet-Macaw_MG_8868.jpg,
0572-Scarlet-Macaw_MG_8868_2-b.png,
0572-Scarlet-Macaw_MG_8868_2.jpg,
0572-Scarlet-Macaw_MG_8868_3-b.png,
0572-Scarlet-Macaw_MG_8868_3.jpg,
090910 scarlett macaw-b.png,
090910 scarlett macaw.jpg,
1-Ara-macao-pair-flying-through-canopy_C-b.png,
1-Ara-macao-pair-flying-through-canopy_C.jpg,
1-Ara-macao-pair-flying-through-canopy_C_2-b.png,
1-Ara-macao-pair-flying-through-canopy_C_2.jpg,
1-b.png,
1-scarlet_macaws_papago_park_phoenix_az_nov_28_2003_inpixio-b.png,
1-scarlet_macaws_papago_park_phoenix_az_nov_28_2003_inpixio.jpg,
1-scarlet_macaws_papago_park_phoenix_az_nov_28_2003_inpixio_2-b.png,
1-scarlet_macaws_papago_park_phoenix_az_nov_28_2003_inpixio_2.jpg,
1.jpg,
100232861-b.png,
100232861.jpg,
106588671-b.png,
106588671.jpg,
107186631-b.png,
107186631.jpg,
107789031-b.png,
107789031.jpg,
107789051-b.png,
107789051.jpg,
108294081-b.png,
108294081.jpg,
108294091.jpg,
108302881-b.png,
108302881.jpg,
108411221.jpg,
108440271.jpg,
108841791-b.png,
108841791.jpg,
111119641-b.png,
111119641.jpg,
111657061-b.png,
111657061.jpg,
112282931-b.png,
112282931.jpg,
113900631-b.png,
113900631.jpg,
113900651-b.png,
113900651.jpg,
113900661-b.png,
113900661.jpg,
114353011-b.png,
114353011.jpg,
114353031-b.png,
114353031.jpg,
114499751-b.png,
114499751.jpg,
114869491-b.png,
114869491.jpg,
114869491_2-b.png,
114869491_2.jpg,
114955881.jpg,
116044681.jpg,
116118809-scarlet-macaw-ara-macao-large-red-yellow-and-blue-central-and-south-american-parrot-member-of-large-.jpg,
1200px-Scarlet_Macaw_(Ara_macao)_-Panama-8a-b.png,
1200px-Scarlet_Macaw_(Ara_macao)_-Panama-8a.jpg,
1200px-Scarlet_Macaw_(Ara_macao)_-Panama-8a_2-b.png,
1200px-Scarlet_Macaw_(Ara_macao)_-Panama-8a_2.jpg,
1200px-Scarlet_Macaw_Eating-b.png,
1200px-Scarlet_Macaw_Eating.jpg,
120607381-b.png,
120607381.jpg,
121428941.jpg,
121428941_2.jpg,
125086121-b.png,
125086121.jpg,
125304321-b.png,
125304321.jpg,
125304381-b.png,
125304381.jpg,
1280-1200-119743428-scarlet-macaw-b.png,
1280-1200-119743428-scarlet-macaw.jpg,
1280-1200-157373375-scarlet-macaws_2-b.png,
1280-1200-157373375-scarlet-macaws_2.jpg,
1280-1200-501363827-red-macaw-b.png,
1280-1200-501363827-red-macaw.jpg,
128357781-b.png,
128357781.jpg,
128358581-b.png,
128358581.jpg,
128618371.jpg,
128633171-b.png,
128633171.jpg,
128633211-b.png,
128633211.jpg,
128633291-b.png,
128633291.jpg,
129954341-b.png,
129954341.jpg,
129960871-b.png,
129960871.jpg,
130517121-b.png,
130517121.jpg,
131074371.jpg,
131074401-b.png,
131074401.jpg,
131074441-b.png,
131074441.jpg,
132945361-b.png,
132945361.jpg,
134155961-b.png,
134155961.jpg,
135219201-b.png,
135219201.jpg,
136140661-b.png,
136140661.jpg,
137352151-b.png,
137352151.jpg,
137998561-b.png,
137998561.jpg,
139160241-b.png,
139160241.jpg,
139160321-b.png,
139160321.jpg,
14-Scarlet-Macaw-Ara-macao-1024x795-b.png,
14-Scarlet-Macaw-Ara-macao-1024x795.jpg,
140160-parakeet-wildlife-scarlet_macaw-red_and_green_macaw-budgerigar-1125x2436-b.png,
140160-parakeet-wildlife-scarlet_macaw-red_and_green_macaw-budgerigar-1125x2436.jpg,
140295-budgerigar-lorikeet-beak-macaw-television-750x1334-b.png,
140295-budgerigar-lorikeet-beak-macaw-television-750x1334.jpg,
140417511-b.png,
140417511.jpg,
141532951-b.png,
141532951.jpg,
141532951_2-b.png,
141532951_2.jpg,
141844581-b.png,
141844581.jpg,
142648201-b.png,
142648201.jpg,
142957611.jpg,
142957611_2-b.png,
142957611_2.jpg,
143076931-b.png,
143076931.jpg,
143077041-b.png,
143077041.jpg,
144198511-b.png,
144198511.jpg,
144415591-b.png,
144415591.jpg,
144415591_2-b.png,
144415591_2.jpg,
144415601-b.png,
144415601.jpg,
144643671-b.png,
144643671.jpg,
144643681-b.png,
144643681.jpg,
145097561-b.png,
145097561.jpg,
145098841-b.png,
145098841.jpg,
145212401-b.png,
145212401.jpg,
145625121-b.png,
145625121.jpg,
145625201-b.png,
145625201.jpg,
145625211-b.png,
145625211.jpg,
145625221.jpg,
145625221_2.jpg,
146137951-b.png,
146137951.jpg,
146137961-b.png,
146137961.jpg,
146173571-b.png,
146173571.jpg,
146635301-b.png,
146635301.jpg,
147590911.jpg,
147590911_2.jpg,
147590921.jpg,
147590921_2-b.png,
147590921_2.jpg,
147866531.jpg,
148039661-b.png,
148039661.jpg,
148355951-b.png,
148355951.jpg,
148372971-b.png,
148372971.jpg,
148385051-b.png,
148385051.jpg,
149832431-b.png,
149832431.jpg,
149832431_2-b.png,
149832431_2.jpg,
149892931-b.png,
149892931.jpg,
149893611-b.png,
149893611.jpg,
151779241-b.png,
151779241.jpg,
151779481.jpg,
151962771-b.png,
151962771.jpg,
153864651-b.png,
153864651.jpg,
153864651_2.jpg,
153864681.jpg,
153864681_2-b.png,
153864681_2.jpg,
155825201-b.png,
155825201.jpg,
157838001-b.png,
157838001.jpg,
157838171-b.png,
157838171.jpg,
158432601-b.png,
158432601.jpg,
159210971-b.png,
159210971.jpg,
159635891-b.png,
159635891.jpg,
160274221-b.png,
160274221.jpg,
1604547-QITREZIO-7-b.png,
1604547-QITREZIO-7.jpg,
161102591-b.png,
161102591.jpg,
161102691-b.png,
161102691.jpg,
161102781-b.png,
161102781.jpg,
163227221_bd8a06e680_b-b.png,
163227221_bd8a06e680_b.jpg,
16357990030_6f329de7cd_b-b.png,
16357990030_6f329de7cd_b.jpg,
163827891-b.png,
163827891.jpg,
164810371-b.png,
164810371.jpg,
165650391-b.png,
165650391.jpg,
165650391_2-b.png,
165650391_2.jpg,
166523951-b.png,
166523951.jpg,
166523981-b.png,
166523981.jpg,
166549361-b.png,
166549361.jpg,
167519681-b.png,
167519681.jpg,
167583221-b.png,
167583221.jpg,
167583221_2-b.png,
167583221_2.jpg,
167828831-b.png,
167828831.jpg,
168309441-b.png,
168309441.jpg,
168946831-b.png,
168946831.jpg,
169549531-b.png,
169549531.jpg,
169549531_2-b.png,
169549531_2.jpg,
16_Scarlet-macaw-b.png,
16_Scarlet-macaw.jpg,
170669031-b.png,
170669031.jpg,
170844811-b.png,
170844811.jpg,
170912471-b.png,
170912471.jpg,
170912501-b.png,
170912501.jpg,
170912531-b.png,
170912531.jpg,
170991871-b.png,
170991871.jpg,
172505491-b.png,
172505491.jpg,
172505501-b.png,
172505501.jpg,
172546961-b.png,
172546961.jpg,
172862591-b.png,
172862591.jpg,
172862611-b.png,
172862611.jpg,
172862611_2-b.png,
172862611_2.jpg,
174098601-b.png,
174098601.jpg,
174454651-b.png,
174454651.jpg,
174753831-b.png,
174753831.jpg,
174753851.jpg,
174780401-b.png,
174780401.jpg,
174780411.jpg,
174965211-b.png,
174965211.jpg,
174965261-b.png,
174965261.jpg,
174965691-b.png,
174965691.jpg,
174965861-b.png,
174965861.jpg,
176112391-b.png,
176112391.jpg,
176112391_2-b.png,
176112391_2.jpg,
176230591-b.png,
176230591.jpg,
176230621-b.png,
176230621.jpg,
176230631-b.png,
176230631.jpg,
176326881-b.png,
176326881.jpg,
176653631-b.png,
176653631.jpg,
176654121-b.png,
176654121.jpg,
176680871-b.png,
176680871.jpg,
177114261-b.png,
177114261.jpg,
177114271-b.png,
177114271.jpg,
177327191-b.png,
177327191.jpg,
177562001-b.png,
177562001.jpg,
177935731-b.png,
177935731.jpg,
179010481.jpg,
179010481_2.jpg,
179010491-b.png,
179010491.jpg,
179232521-b.png,
179232521.jpg,
179419031-b.png,
179419031.jpg,
179419151-b.png,
179419151.jpg,
18510133108_a4d9a6895c_b-b.png,
18510133108_a4d9a6895c_b.jpg,
19806917954_35fdb3837f_b-b.png,
19806917954_35fdb3837f_b.jpg,
2-b.png,
2.jpg,
20---Scarlet-Mackaw-b.png,
20---Scarlet-Mackaw.jpg,
20180818_STP004_0-b.png,
20180818_STP004_0.jpg,
20180818_STP004_0_2-b.png,
20180818_STP004_0_2.jpg,
20180818_STP004_0_3-b.png,
20180818_STP004_0_3.jpg,
20180818_STP004_0_4-b.png,
20180818_STP004_0_4.jpg,
20207491-b.png,
20207491.jpg,
20603341-b.png,
20603341.jpg,
20603571-b.png,
20603571.jpg,
20661321-b.png,
20661321.JPG,
22120391-b.png,
22120391.JPG,
23046451-b.png,
23046451.JPG,
24348591-b.png,
24348591.JPG,
24663631-b.png,
24663631.jpg,
24786641-b.png,
24786641.JPG,
24786641_2-b.png,
24786641_2.jpg,
24f043_9eaed039013d4fceafc41146344ab33a_mv1-b.png,
24f043_9eaed039013d4fceafc41146344ab33a_mv1.jpg,
25357441-b.png,
25357441.jpg,
25692631-b.png,
25692631.jpg,
25692791-b.png,
25692791.jpg,
27889751-b.png,
27889751.jpg,
27953471.jpg,
282284203-b.png,
282284203.jpg,
29039621-b.png,
29039621.jpg,
3-b.png,
3.jpg,
3040103510_722843b3d5_b-b.png,
3040103510_722843b3d5_b.jpg,
30524511-b.png,
30524511.JPG,
30579720-beautiful-of-half-length-scarlet-macaw-bird-isolated-on-white-background-b.png,
30579720-beautiful-of-half-length-scarlet-macaw-bird-isolated-on-white-background.jpg,
31544681-b.png,
31544681.jpg,
32627487391_2c1b154667_b-b.png,
32627487391_2c1b154667_b.jpg,
32771505222_8f6afd0012_b-b.png,
32771505222_8f6afd0012_b.jpg,
32771505222_8f6afd0012_b_2-b.png,
32771505222_8f6afd0012_b_2.jpg,
33-70541-2.jpg,
33-70541-2_2-b.png,
33-70541-2_2.jpg,
33159371.JPG,
33159371_2-b.png,
33159371_2.jpg,
33768231-b.png,
33768231.jpg,
34003481-b.png,
34003481.jpg,
35075971-b.png,
35075971.jpg,
3575421565768491328-b.png,
3575421565768491328.jpg,
3575421565768491328_2-b.png,
3575421565768491328_2.jpg,
35768301-b.png,
35768301.jpg,
35853371-b.png,
35853371.jpg,
35853391-b.png,
35853391.jpg,
36218601-b.png,
36218601.jpg,
36787531-b.png,
36787531.JPG,
36787531_2-b.png,
36787531_2.jpg,
37148771-b.png,
37148771.JPG,
37683861-b.png,
37683861.jpg,
37683871-b.png,
37683871.jpg,
38032681-b.png,
38032681.jpg,
38032681_2-b.png,
38032681_2.jpg,
38125945256_9bd18836d5_b-b.png,
38125945256_9bd18836d5_b.jpg,
3814551119_cf0bd815d8_b-b.png,
3814551119_cf0bd815d8_b.jpg,
38695101-b.png,
38695101.JPG,
38695151-b.png,
38695151.JPG,
38695151_2-b.png,
38695151_2.jpg,
38867161-b.png,
38867161.jpg,
39218411-b.png,
39218411.jpg,
39628611-b.png,
39628611.JPG,
39953321-b.png,
39953321.jpg,
4-b.png,
4.jpg,
40375841-b.png,
40375841.JPG,
40375951-b.png,
40375951.JPG,
40376101-b.png,
40376101.JPG,
40907451-b.png,
40907451.jpg,
40907461-b.png,
40907461.jpg,
40907521-b.png,
40907521.jpg,
40972119-portrait-of-colorful-scarlet-macaw-parrots-b.png,
40972119-portrait-of-colorful-scarlet-macaw-parrots.jpg,
41402701.JPG,
41402701_2.jpg,
42095041-b.png,
42095041.JPG,
42095071-b.png,
42095071.JPG,
42097061-b.png,
42097061.jpg,
42432061-b.png,
42432061.jpg,
42432111-b.png,
42432111.jpg,
42432121.jpg,
42752751-b.png,
42752751.jpg,
42752771.jpg,
42752831-b.png,
42752831.jpg,
42942481-b.png,
42942481.JPG,
43107191-b.png,
43107191.jpg,
43504781-b.png,
43504781.jpg,
43504821.jpg,
43676403-close-up-of-colorful-scarlet-macaw-parrot-b.png,
43676403-close-up-of-colorful-scarlet-macaw-parrot.jpg,
43907291.JPG,
44327061-b.png,
44327061.jpg,
44409311-b.png,
44409311.jpg,
44409331-b.png,
44409331.jpg,
44409331_2-b.png,
44409331_2.jpg,
45688061-b.png,
45688061.JPG,
45854331-b.png,
45854331.jpg,
4672772586_8052370c80_b-b.png,
4672772586_8052370c80_b.jpg,
47257631-b.png,
47257631.jpg,
47881571-b.png,
47881571.jpg,
47881611-b.png,
47881611.jpg,
48098481.jpg,
48098571-b.png,
48098571.jpg,
48122521-b.png,
48122521.jpg,
48205981-b.png,
48205981.jpg,
48249441-b.png,
48249441.jpg,
48311841-b.png,
48311841.jpg,
48642645926_f46f31063c_b-b.png,
48642645926_f46f31063c_b.jpg,
48904111-b.png,
48904111.jpg,
49124641-b.png,
49124641.jpg,
49258301.jpg,
49510_00_2x-b.png,
49510_00_2x.jpg,
5-b.png,
5.jpg,
50159491-b.png,
50159491.jpg,
50218851.jpg,
50416251-b.png,
50416251.jpg,
50927191-b.png,
50927191.jpg,
5173202764_9f0aa0fa0d_b-b.png,
5173202764_9f0aa0fa0d_b.jpg,
51janPUAW0L._AC_UL1500_-b.png,
51janPUAW0L._AC_UL1500_.jpg,
51janPUAW0L._AC_UL1500__2-b.png,
51janPUAW0L._AC_UL1500__2.jpg,
52023761-b.png,
52023761.jpg,
52023771-b.png,
52023771.jpg,
52333291-b.png,
52333291.jpg,
52488121-b.png,
52488121.jpg,
53482381-b.png,
53482381.jpg,
53486971-b.png,
53486971.jpg,
53486971_2-b.png,
53486971_2.jpg,
5354798709_28f9be237c_b.jpg,
5354798709_28f9be237c_b_2.jpg,
53802820-scarlet-macaw-ara-macao-is-a-large-red-yellow-and-blue-south-american-parrot--b.png,
53802820-scarlet-macaw-ara-macao-is-a-large-red-yellow-and-blue-south-american-parrot-.jpg,
53884371_397779107444858_5022087821645578240_o-1-b.png,
53884371_397779107444858_5022087821645578240_o-1.jpg,
53884371_397779107444858_5022087821645578240_o-2-b.png,
53884371_397779107444858_5022087821645578240_o-2.jpg,
54460801-b.png,
54460801.jpg,
54461551-b.png,
54461551.jpg,
5512641019_0fbf180dfa_b-b.png,
5512641019_0fbf180dfa_b.jpg,
56787951.jpg,
57136591-b.png,
57136591.jpg,
57347371-b.png,
57347371.jpg,
58327821-b.png,
58327821.jpg,
58328031-b.png,
58328031.jpg,
58328121-b.png,
58328121.jpg,
58532691-b.png,
58532691.jpg,
58818781-b.png,
58818781.jpg,
59053711-b.png,
59053711.jpg,
59655421-b.png,
59655421.jpg,
5ca5d0b7-c15b-4a46-be05-fcfc7336241a_rw_1920-b.png,
5ca5d0b7-c15b-4a46-be05-fcfc7336241a_rw_1920.jpg,
5ca5d0b7-c15b-4a46-be05-fcfc7336241a_rw_1920_2-b.png,
5ca5d0b7-c15b-4a46-be05-fcfc7336241a_rw_1920_2.jpg,
6-b.png,
6.jpg,
6000404507_2a9c47733a_b-b.png,
6000404507_2a9c47733a_b.jpg,
60675541-b.png,
60675541.jpg,
61135051-b.png,
61135051.jpg,
62298071-b.png,
62298071.jpg,
62557421-b.png,
62557421.jpg,
65301900_689470171506261_1655450082888862105_n-b.png,
65301900_689470171506261_1655450082888862105_n.jpg,
65601531_2349926111949087_866394729819755435_n-b.png,
65601531_2349926111949087_866394729819755435_n.jpg,
66286115-scarlet-macaw-parrot-bird-perching-on-the-wooden-log-with-beautiful-back-feathers-b.png,
66286115-scarlet-macaw-parrot-bird-perching-on-the-wooden-log-with-beautiful-back-feathers.jpg,
66968101-b.png,
66968101.jpg,
67835381-b.png,
67835381.jpg,
68155941-b.png,
68155941.jpg,
68177961-b.png,
68177961.jpg,
68177981-b.png,
68177981.jpg,
68177981_2-b.png,
68177981_2.jpg,
68178021-b.png,
68178021.jpg,
68178021_2-b.png,
68178021_2.jpg,
68178071-b.png,
68178071.jpg,
68178071_2-b.png,
68178071_2.jpg,
68179961-b.png,
68179961.jpg,
68685792_394481484778903_685491157850488944_n-b.png,
68685792_394481484778903_685491157850488944_n.jpg,
68765111-b.png,
68765111.jpg,
68899944_133476554601851_8662235061795200049_n-b.png,
68899944_133476554601851_8662235061795200049_n.jpg,
68901732_739263166511747_2774084981746477202_n-b.png,
68901732_739263166511747_2774084981746477202_n.jpg,
68b53654-4cf1-4543-ab50-fc46d4ec30e1_rw_1920-b.png,
68b53654-4cf1-4543-ab50-fc46d4ec30e1_rw_1920.jpg,
69174831-b.png,
69174831.jpg,
69211771-b.png,
69211771.jpg,
69236708_140434200542832_7416877529399580944_n-b.png,
69236708_140434200542832_7416877529399580944_n.jpg,
69239812_127298341574913_4628047354245993247_n-b.png,
69239812_127298341574913_4628047354245993247_n.jpg,
69264602_2444248932322285_3517106364284996009_n-b.png,
69264602_2444248932322285_3517106364284996009_n.jpg,
69429285_1157199461135138_3621103293005635008_n-b.png,
69429285_1157199461135138_3621103293005635008_n.jpg,
69429285_1157199461135138_3621103293005635008_n_2-b.png,
69429285_1157199461135138_3621103293005635008_n_2.jpg,
69594554_106708597264385_9114846695372225212_n-b.png,
69594554_106708597264385_9114846695372225212_n.jpg,
69744971_478062513041496_8627321136423345046_n-b.png,
69744971_478062513041496_8627321136423345046_n.jpg,
6b2fbca48dc874558c7820a95a9c7024-b.png,
6b2fbca48dc874558c7820a95a9c7024.jpg,
7-b.png,
7.jpg,
70205438_2874185322807160_6781845257508920643_n-b.png,
70205438_2874185322807160_6781845257508920643_n.jpg,
70224861.jpg,
70439511-b.png,
70439511.jpg,
70627481_133536341246480_607186618157411589_n-b.png,
70627481_133536341246480_607186618157411589_n.jpg,
70642172_2349984445100769_7931439619256399616_n-b.png,
70642172_2349984445100769_7931439619256399616_n.jpg,
70921851-b.png,
70921851.jpg,
70921851_2.jpg,
71317325_155994052317772_3877365934538526569_n-b.png,
71317325_155994052317772_3877365934538526569_n.jpg,
72954021-b.png,
72954021.jpg,
72954031-b.png,
72954031.jpg,
73425521-b.png,
73425521.jpg,
73425531-b.png,
73425531.jpg,
73866721-b.png,
73866721.jpg,
73986951-b.png,
73986951.jpg,
74622241-b.png,
74622241.jpg,
74622281-b.png,
74622281.jpg,
76200891.jpg,
76832401-b.png,
76832401.jpg,
77498471-b.png,
77498471.jpg,
77640801-b.png,
77640801.jpg,
77666801-b.png,
77666801.jpg,
78177641-b.png,
78177641.jpg,
78189691-b.png,
78189691.jpg,
78737041-b.png,
78737041.jpg,
79552742-scarlet-macaw-in-park-macaw-mountain-copan-honduras-b.png,
79552742-scarlet-macaw-in-park-macaw-mountain-copan-honduras.jpg,
79639531-b.png,
79639531.jpg,
80572871-b.png,
80572871.jpg,
80976381-b.png,
80976381.jpg,
81378421-b.png,
81378421.jpg,
81725241-b.png,
81725241.jpg,
82460791-b.png,
82460791.jpg,
82460811_2-b.png,
82460811_2.jpg,
82461001-b.png,
82461001.jpg,
82465231-b.png,
82465231.jpg,
82465261-b.png,
82465261.jpg,
82465331-b.png,
82465331.jpg,
82465431-b.png,
82465431.jpg,
86163991-scarlet-macaw-ara-macao-perched-on-low-branch-b.png,
86163991-scarlet-macaw-ara-macao-perched-on-low-branch.jpg,
87082721-b.png,
87082721.jpg,
87238091-b.png,
87238091.jpg,
87371351-b.png,
87371351.jpg,
88543471-b.png,
88543471.jpg,
89394821-b.png,
89394821.jpg,
89627121-b.png,
89627121.jpg,
89863831-b.png,
89863831.jpg,
9-b.png,
9.jpg,
90162281-b.png,
90162281.jpg,
90162351-b.png,
90162351.jpg,
90335941-b.png,
90335941.jpg,
90363266-portrait-of-scarlet-macaw-ara-macao-perched-on-tree-b.png,
90363266-portrait-of-scarlet-macaw-ara-macao-perched-on-tree.jpg,
9083008085_61878d446e_b-b.png,
9083008085_61878d446e_b.jpg,
92099141-b.png,
92099141.jpg,
92496257-pair-of-big-parrot-scarlet-macaw-ara-macao-two-birds-sitting-on-branch-brazil-wildlife-love-scene-fr-b.png,
92496257-pair-of-big-parrot-scarlet-macaw-ara-macao-two-birds-sitting-on-branch-brazil-wildlife-love-scene-fr.jpg,
92496257-pair-of-big-parrot-scarlet-macaw-ara-macao-two-birds-sitting-on-branch-brazil-wildlife-love-scene-fr_2-b.png,
92496257-pair-of-big-parrot-scarlet-macaw-ara-macao-two-birds-sitting-on-branch-brazil-wildlife-love-scene-fr_2.jpg,
92774121-b.png,
92774121.jpg,
93479171-b.png,
93479171.jpg,
93479171_2-b.png,
93479171_2.jpg,
93482421-b.png,
93482421.jpg,
93662641-b.png,
93662641.jpg,
93662691-b.png,
93662691.jpg,
93693291-b.png,
93693291.jpg,
94431261-b.png,
94431261.jpg,
95379811-b.png,
95379811.jpg,
96037571-b.png,
96037571.jpg,
97318544-a-scarlet-macaw-in-copan-honduras-central-america-b.png,
97318544-a-scarlet-macaw-in-copan-honduras-central-america.jpg,
97937681-b.png,
97937681.jpg,
97937701-b.png,
97937701.jpg,
97937831-b.png,
97937831.jpg,
97937841.jpg,
98900671-b.png,
98900671.jpg,
99801321-b.png,
99801321.jpg,
99801461-b.png,
99801461.jpg,
99801461_2.jpg,
ARTWORK_CLP_HONDURAS_IPHONEX_ERNE3163-b.png,
ARTWORK_CLP_HONDURAS_IPHONEX_ERNE3163.jpg,
"Ara_macao_-Puntarenas_Province,_Costa_Rica-8-b.png",
"Ara_macao_-Puntarenas_Province,_Costa_Rica-8.jpg",
"Copan,_Scarlet_macaws_(15336469354)-b.png",
"Copan,_Scarlet_macaws_(15336469354).jpg",
"Copan,_Scarlet_macaws_(15336469354)_2-b.png",
"Copan,_Scarlet_macaws_(15336469354)_2.jpg",
Copan_birds_and_wildlife-Scarlet_Macaw_(6849858148).jpg,
D1129_2_305_1200-b.png,
D1129_2_305_1200.jpg,
D869_24_398_1200-b.png,
D869_24_398_1200.jpg,
DSC_4769-b.png,
DSC_4769.jpg,
DSC_7817.jpg,
DSC_8613-b.png,
DSC_8613.jpg,
DqyV-ihVsAA4yjj-b.png,
DqyV-ihVsAA4yjj.jpg,
EDDt1rVWsAAnJjI-b.png,
EDDt1rVWsAAnJjI.jpg,
EEM_qZYX4AETsLS-b.png,
EEM_qZYX4AETsLS.jpg,
EERp5EPWwAEnCVc-b.png,
EERp5EPWwAEnCVc.jpg,
EEV1ufzVUAA8G9s-b.png,
EEV1ufzVUAA8G9s.jpg,
French_guiana_0369_1536x1024-b.png,
French_guiana_0369_1536x1024.jpg,
Guacamaya_roja-b.png,
Guacamaya_roja.jpg,
Guacamaya_roja_2-b.png,
Guacamaya_roja_2.jpg,
IMG_7715-b.png,
IMG_7715.jpg,
Macaw-b.png,
Macaw.jpg,
Missing-Scarlet-Macaw-1280x720-b.png,
Missing-Scarlet-Macaw-1280x720.jpg,
P1001557-b.png,
P1001557.jpg,
PI112577-hr-b.png,
PI112577-hr.jpg,
Parrot-4-b.png,
Parrot-4.jpg,
Red-Bank-Village-and-the-Scarlet-Macaw-Tour-1280x720-b.png,
Red-Bank-Village-and-the-Scarlet-Macaw-Tour-1280x720.jpg,
ScarMacawFWZ090901-b.png,
ScarMacawFWZ090901.jpg,
"Scarlet-Macaw,-Peru-b.png",
"Scarlet-Macaw,-Peru.jpg",
Scarlet-Macaw-Guacamayo-escarlata-Ara-macao-Humberto-Castillo-amazoniaphoto.com_-b.png,
Scarlet-Macaw-Guacamayo-escarlata-Ara-macao-Humberto-Castillo-amazoniaphoto.com_.jpg,
Scarlet-Macaw-Guacamayo-escarlata-Ara-macao-Humberto-Castillo-amazoniaphoto.com__2-b.png,
Scarlet-Macaw-Guacamayo-escarlata-Ara-macao-Humberto-Castillo-amazoniaphoto.com__2.jpg,
Scarlet-Macaw-at-Paradise-Park-Cornwall-2-b.png,
Scarlet-Macaw-at-Paradise-Park-Cornwall-2.jpg,
Scarlet-Macaw-at-Paradise-Park-in-Hayle-Cornwall-b.png,
Scarlet-Macaw-at-Paradise-Park-in-Hayle-Cornwall.jpg,
Scarlet-Macaw-b.png,
Scarlet-Macaw.jpg,
ScarletMacaw-b.png,
ScarletMacaw.jpg,
ScarletMacaw_0-b.png,
ScarletMacaw_0.jpg,
Scarlet_Macaw_(10)_(40194388294)-b.png,
Scarlet_Macaw_(10)_(40194388294).jpg,
Scarlet_Macaw_(17275987)-b.png,
Scarlet_Macaw_(17275987).jpg,
Scarlet_Macaw_RWD3-b.png,
Scarlet_Macaw_RWD3.jpg,
Scarlet_Macaw_at_Kuranda-1_(6285883802)-b.png,
Scarlet_Macaw_at_Kuranda-1_(6285883802).jpg,
Untitled_Panorama1b.jpg,
Untitled_Panorama1b_2.jpg,
a-scarlet-macaw-in-flight-EYW5B5-b.png,
a-scarlet-macaw-in-flight-EYW5B5.jpg,
a-scarlet-macaw-shown-in-film-b.png,
a-scarlet-macaw-shown-in-film.jpg,
a-scarlet-macaw-sitting-on-a-branch-EYW5BA-b.png,
a-scarlet-macaw-sitting-on-a-branch-EYW5BA.jpg,
a118a645-a780-4a67-88df-f1815a9338cf_1.6adc07aeeef41f34758c99b3e1137e70-b.png,
a118a645-a780-4a67-88df-f1815a9338cf_1.6adc07aeeef41f34758c99b3e1137e70.jpg,
a118a645-a780-4a67-88df-f1815a9338cf_1.6adc07aeeef41f34758c99b3e1137e70_2-b.png,
a118a645-a780-4a67-88df-f1815a9338cf_1.6adc07aeeef41f34758c99b3e1137e70_2.jpg,
"aps,840x830,small,transparent-pad,1000x1000,f8f8f8-b.png",
"aps,840x830,small,transparent-pad,1000x1000,f8f8f8.jpg",
baby-scarlet-macaw-5d5e21d129f4f-b.png,
baby-scarlet-macaw-5d5e21d129f4f.jpg,
beautiful-scarlet-macaw-flying-b.png,
beautiful-scarlet-macaw-flying.jpg,
birds-383a-b.png,
birds-383a.jpg,
blog-animal-update-scarlet-macaw-1260x840-b.png,
blog-animal-update-scarlet-macaw-1260x840.jpg,
blog-new-macaws-1500x575-header-b.png,
blog-new-macaws-1500x575-header.jpg,
class.csv,
colorful-scarlet-macaw-aviary-face-and-back-profile-WJYM17-b.png,
colorful-scarlet-macaw-aviary-face-and-back-profile-WJYM17.jpg,
colorful-scarlet-macaw-aviary-sitting-on-the-log-back-profile-isolated-on-a-white-background-WJXRDK-b.png,
colorful-scarlet-macaw-aviary-sitting-on-the-log-back-profile-isolated-on-a-white-background-WJXRDK.jpg,
colorful-scarlet-macaw-aviary-sitting-on-the-log-isolated-on-a-white-background-WJXRDF-b.png,
colorful-scarlet-macaw-aviary-sitting-on-the-log-isolated-on-a-white-background-WJXRDF.jpg,
colorful-scarlet-macaw-b.png,
colorful-scarlet-macaw.jpg,
depositphotos_147982737-stock-photo-tropical-bird-close-up-b.png,
depositphotos_147982737-stock-photo-tropical-bird-close-up.jpg,
depositphotos_154057446-stock-photo-wild-scarlet-macaw-b.png,
depositphotos_154057446-stock-photo-wild-scarlet-macaw.jpg,
depositphotos_160568926-stock-photo-scarlet-macaw-in-forest-b.png,
depositphotos_160568926-stock-photo-scarlet-macaw-in-forest.jpg,
depositphotos_163583526-stock-photo-scarlet-macaw-parrot-b.png,
depositphotos_163583526-stock-photo-scarlet-macaw-parrot.jpg,
depositphotos_164120962-stock-photo-scarlet-macaw-ara-macao-a-b.png,
depositphotos_164120962-stock-photo-scarlet-macaw-ara-macao-a.jpg,
depositphotos_165104886-stock-photo-parrot-scarlet-macaw-ara-b.png,
depositphotos_165104886-stock-photo-parrot-scarlet-macaw-ara.jpg,
depositphotos_189792350-stock-photo-the-scarlet-macaw-b.png,
depositphotos_189792350-stock-photo-the-scarlet-macaw.jpg,
depositphotos_189792366-stock-photo-the-scarlet-macaw-b.png,
depositphotos_189792366-stock-photo-the-scarlet-macaw.jpg,
depositphotos_192276812-stock-photo-scarlet-macaw-ara-macao-large-b.png,
depositphotos_192276812-stock-photo-scarlet-macaw-ara-macao-large.jpg,
depositphotos_201617000-stock-photo-red-parrot-scarlet-macaw-ara-b.png,
depositphotos_201617000-stock-photo-red-parrot-scarlet-macaw-ara.jpg,
depositphotos_201617132-stock-photo-red-parrot-scarlet-macaw-ara-b.png,
depositphotos_201617132-stock-photo-red-parrot-scarlet-macaw-ara.jpg,
depositphotos_203822878-stock-photo-scarlet-macaw-ara-macao-national-b.png,
depositphotos_203822878-stock-photo-scarlet-macaw-ara-macao-national.jpg,
depositphotos_203823142-stock-photo-scarlet-macaw-ara-macao-national-b.png,
depositphotos_203823142-stock-photo-scarlet-macaw-ara-macao-national.jpg,
depositphotos_203829598-stock-photo-scarlet-macaw-ara-macao-national-b.png,
depositphotos_203829598-stock-photo-scarlet-macaw-ara-macao-national.jpg,
depositphotos_204890972-stock-photo-red-parrot-scarlet-macaw-ara-b.png,
depositphotos_204890972-stock-photo-red-parrot-scarlet-macaw-ara.jpg,
depositphotos_208033340-stock-photo-portrait-colorful-scarlet-macaw-parrot-b.png,
depositphotos_208033340-stock-photo-portrait-colorful-scarlet-macaw-parrot.jpg,
depositphotos_219532226-stock-photo-couple-scarlet-macaw.jpg,
depositphotos_219532226-stock-photo-couple-scarlet-macaw_2.jpg,
depositphotos_303144558-stock-photo-scarlet-macaw-parrot-in-a-b.png,
depositphotos_303144558-stock-photo-scarlet-macaw-parrot-in-a.jpg,
depositphotos_303144874-stock-photo-scarlet-macaw-parrot-in-a-b.png,
depositphotos_303144874-stock-photo-scarlet-macaw-parrot-in-a.jpg,
depositphotos_34263161-stock-photo-macaw-sitting-on-branch-b.png,
depositphotos_34263161-stock-photo-macaw-sitting-on-branch.jpg,
depositphotos_41011395-stock-photo-scarlet-macaw-b.png,
depositphotos_41011395-stock-photo-scarlet-macaw.jpg,
eff55aff5b9499a25eb5ea3492e37da5-b.png,
eff55aff5b9499a25eb5ea3492e37da5.jpg,
eff55aff5b9499a25eb5ea3492e37da5_2-b.png,
eff55aff5b9499a25eb5ea3492e37da5_2.jpg,
fcc9561d7f11b0e3c0b734c87f97927c-b.png,
fcc9561d7f11b0e3c0b734c87f97927c.jpg,
fcc9561d7f11b0e3c0b734c87f97927c_2-b.png,
fcc9561d7f11b0e3c0b734c87f97927c_2.jpg,
gettyimages-116270248-1024x1024-b.png,
gettyimages-116270248-1024x1024.jpg,
gettyimages-167502062-1024x1024-b.png,
gettyimages-167502062-1024x1024.jpg,
gettyimages-522372580-1024x1024-b.png,
gettyimages-522372580-1024x1024.jpg,
gettyimages-650026001-1024x1024-b.png,
gettyimages-650026001-1024x1024.jpg,
gettyimages-817873764-1024x1024-b.png,
gettyimages-817873764-1024x1024.jpg,
https___specials-images.forbesimg.com_imageserve_849939080_960x0-b.png,
https___specials-images.forbesimg.com_imageserve_849939080_960x0.jpg,
inbfcc6mdilxmmsx1faxdc93pfbr1dq5zjx99vwg8x2rb4ruztdj57td9j1rj4tr-_2-b.png,
inbfcc6mdilxmmsx1faxdc93pfbr1dq5zjx99vwg8x2rb4ruztdj57td9j1rj4tr-_2.jpg,
kevin-hays-scarletmacaw-medium-b.png,
kevin-hays-scarletmacaw-medium.jpg,
macaw-488227-b.png,
macaw-488227.jpg,
macaw-bird-parrot-tropical-b.png,
macaw-bird-parrot-tropical.jpg,
macaw_16x9-b.png,
macaw_16x9.jpg,
maxresdefault-b.png,
maxresdefault.jpg,
maxresdefault3-b.png,
maxresdefault3.jpg,
maxresdefault_2-b.png,
maxresdefault_2.jpg,
"mp,840x830,matte,f8f8f8,t-pad,1000x1000,f8f8f8-b.png",
"mp,840x830,matte,f8f8f8,t-pad,1000x1000,f8f8f8.jpg",
pa-b.png,
pa.jpg,
photo-1567487887108-522ab4399eea-b.png,
photo-1567487887108-522ab4399eea.jpg,
q_70-b.png,
q_70.jpg,
q_70_2-b.png,
q_70_2.jpg,
q_70_3-b.png,
q_70_3.jpg,
red-macaw-parrot-is-sticking-on-the-branches-WP5KFH-b.png,
red-macaw-parrot-is-sticking-on-the-branches-WP5KFH.jpg,
scarlet macaw 1-b.png,
scarlet macaw 1.jpg,
scarlet macaw 1_2-b.png,
scarlet macaw 1_2.jpg,
scarlet macaw manuel antonio-b.png,
scarlet macaw manuel antonio.jpg,
scarlet-b.png,
scarlet-macaw-1364890-b.png,
scarlet-macaw-1364890.jpg,
scarlet-macaw-2-b.png,
scarlet-macaw-2.jpg,
scarlet-macaw-ara-macao-large-red-yellow-and-blue-central-and-south-american-parrot-native-to-humid-forests-of-tropical-central-and-south-americ-T9MC8R-b.png,
scarlet-macaw-ara-macao-large-red-yellow-and-blue-central-and-south-american-parrot-native-to-humid-forests-of-tropical-central-and-south-americ-T9MC8R.jpg,
scarlet-macaw-ara-macao-macaw-mountain-bird-park-copan-ruinas-honduras-X6943M-b.png,
scarlet-macaw-ara-macao-macaw-mountain-bird-park-copan-ruinas-honduras-X6943M.jpg,
scarlet-macaw-ara-macaw-costa-rica-wild-CBW89G-b.png,
scarlet-macaw-ara-macaw-costa-rica-wild-CBW89G.jpg,
scarlet-macaw-carate-costa-rica-toftphoto-1500x630-b.png,
scarlet-macaw-carate-costa-rica-toftphoto-1500x630.jpg,
scarlet-macaw-costarica-workshop-1500x630-b.png,
scarlet-macaw-costarica-workshop-1500x630.jpg,
scarlet-macaw-facts-b.png,
scarlet-macaw-facts.jpg,
scarlet-macaw-opening-peanut-in-cage-on-tropical-rainforest-WE0R84-b.png,
scarlet-macaw-opening-peanut-in-cage-on-tropical-rainforest-WE0R84.jpg,
scarlet-macaw-parrot-bird-blue-and-yellow-macaw-parrot-macaw-b.png,
scarlet-macaw-parrot-bird-blue-and-yellow-macaw-parrot-macaw.jpg,
scarlet-macaw-parrot-in-a-natural-park-in-cartagena-colombia-WMGB2B-b.png,
scarlet-macaw-parrot-in-a-natural-park-in-cartagena-colombia-WMGB2B.jpg,
scarlet-macaw-stock-picture-2316273-b.png,
scarlet-macaw-stock-picture-2316273.jpg,
scarlet-macaw-thepalmer-b.png,
scarlet-macaw-thepalmer.jpg,
scarlet-macaw-wallpapers-1-b.png,
scarlet-macaw-wallpapers-1.jpg,
scarlet-macaw-wallpapers-18-b.png,
scarlet-macaw-wallpapers-18.jpg,
scarlet-macaw-wallpapers-2-b.png,
scarlet-macaw-wallpapers-2.jpg,
scarlet-macaw-wallpapers-24-b.png,
scarlet-macaw-wallpapers-24.jpg,
scarlet-macaw-wallpapers-25-b.png,
scarlet-macaw-wallpapers-25.jpg,
scarlet-macaw-wallpapers-25610-2624767-b.png,
scarlet-macaw-wallpapers-25610-2624767.jpg,
scarlet-macaw-wallpapers-26-b.png,
scarlet-macaw-wallpapers-26.jpg,
scarlet-macaw-wallpapers-30-b.png,
scarlet-macaw-wallpapers-30.jpg,
scarlet-macaw-wallpapers-34-b.png,
scarlet-macaw-wallpapers-34.jpg,
scarlet-macaw-wallpapers-37-b.png,
scarlet-macaw-wallpapers-37.jpg,
scarlet-macaw-wallpapers-6-b.png,
scarlet-macaw-wallpapers-6.jpg,
scarlet-macaw-wallpapers-9-b.png,
scarlet-macaw-wallpapers-9.jpg,
scarlet-macaw-with-out-of-focus-foliage-in-the-amazon-rain-forest-near-iquitos-peru-WKWWP0-b.png,
scarlet-macaw-with-out-of-focus-foliage-in-the-amazon-rain-forest-near-iquitos-peru-WKWWP0.jpg,
scarlet-macaw2-b.png,
scarlet-macaw2.jpg,
scarlet.jpg,
scarlet_macaw_ara_macao-b.png,
scarlet_macaw_ara_macao.jpg,
scarlet_macaw_by_dale427_d1ljhi6-pre-b.png,
scarlet_macaw_by_dale427_d1ljhi6-pre.jpg,
south-american-scarlet-macaw-ara-macao-posing-on-a-pole-seen-in-profile-F0JMFA-b.png,
south-american-scarlet-macaw-ara-macao-posing-on-a-pole-seen-in-profile-F0JMFA.jpg,
stock-photo-portrait-of-colorful-scarlet-macaw-parrot-stand-on-timber-in-the-zoo-1013632573-b.png,
stock-photo-portrait-of-colorful-scarlet-macaw-parrot-stand-on-timber-in-the-zoo-1013632573.jpg,
stock-photo-scarlet-macaw-ara-macao-476192341-b.png,
stock-photo-scarlet-macaw-ara-macao-476192341.jpg,
stock-photo-scarlet-macaw-in-flight-1008485116-b.png,
stock-photo-scarlet-macaw-in-flight-1008485116.jpg,
the-scarlet-macaw-d-s-images-b.png,
the-scarlet-macaw-d-s-images.jpg,
zdenek-machacek-1396821-unsplash-b.png,
zdenek-machacek-1396821-unsplash.jpg,
