filename,class
1-scarlet_macaws_papago_park_phoenix_az_nov_28_2003_inpixio_2.jpg,climbing
106588671.jpg,climbing
107186631.jpg,climbing
107789031.jpg,climbing
111119641.jpg,climbing
114353011.jpg,climbing
114353031.jpg,climbing
121428941.jpg,climbing
121428941_2.jpg,climbing
128633291.jpg,climbing
130517121.jpg,climbing
137998561.jpg,climbing
148039661.jpg,climbing
159210971.jpg,climbing
164810371.jpg,climbing
166523981.jpg,climbing
168309441.jpg,climbing
168946831.jpg,climbing
174753831.jpg,climbing
174753851.jpg,climbing
176230621.jpg,climbing
177114261.jpg,climbing
177114271.jpg,climbing
19806917954_35fdb3837f_b.jpg,climbing
32771505222_8f6afd0012_b_2.jpg,climbing
35075971.jpg,climbing
36787531_2.jpg,climbing
37683871.jpg,climbing
38867161.jpg,climbing
39218411.jpg,climbing
39628611.JPG,climbing
40907451.jpg,climbing
42095041.JPG,climbing
42095071.JPG,climbing
57136591.jpg,climbing
79639531.jpg,climbing
80572871.jpg,climbing
82465231.jpg,climbing
89863831.jpg,climbing
90335941.jpg,climbing
90808791.jpg,climbing
9083008085_61878d446e_b.jpg,climbing
92099141.jpg,climbing
93479171.jpg,climbing
93479171_2.jpg,climbing
95379811.jpg,climbing
97937841.jpg,climbing
"Ara_macao_-Puntarenas_Province,_Costa_Rica-8.jpg",climbing
depositphotos_165104886-stock-photo-parrot-scarlet-macaw-ara.jpg,climbing
depositphotos_189792350-stock-photo-the-scarlet-macaw.jpg,climbing
depositphotos_201617132-stock-photo-red-parrot-scarlet-macaw-ara.jpg,climbing
maxresdefault2.jpg,climbing
Scarlet Macaw.jpg,climbing
scarlet-macaw-facts.jpg,climbing
111657061.jpg,closeup
140160-parakeet-wildlife-scarlet_macaw-red_and_green_macaw-budgerigar-1125x2436.jpg,closeup
147590921.jpg,closeup
157838171.jpg,closeup
174965691.jpg,closeup
22120391.JPG,closeup
23046391.JPG,closeup
24348591.JPG,closeup
25692791.jpg,closeup
31544681.jpg,closeup
40376101.JPG,closeup
44327061.jpg,closeup
48642645926_f46f31063c_b.jpg,closeup
58328121.jpg,closeup
67835381.jpg,closeup
68155941.jpg,closeup
68685792_394481484778903_685491157850488944_n.jpg,closeup
69264602_2444248932322285_3517106364284996009_n.jpg,closeup
69744971_478062513041496_8627321136423345046_n.jpg,closeup
70921851.jpg,closeup
71317325_155994052317772_3877365934538526569_n.jpg,closeup
89394821.jpg,closeup
a-scarlet-macaw-shown-in-film.jpg,closeup
"aps,840x830,small,transparent-pad,1000x1000,f8f8f8.jpg",closeup
colorful-scarlet-macaw-aviary-face-and-back-profile-WJYM17.jpg,closeup
D1129_2_305_1200.jpg,closeup
depositphotos_147982737-stock-photo-tropical-bird-close-up.jpg,closeup
depositphotos_189792366-stock-photo-the-scarlet-macaw.jpg,closeup
depositphotos_303144558-stock-photo-scarlet-macaw-parrot-in-a.jpg,closeup
depositphotos_303144874-stock-photo-scarlet-macaw-parrot-in-a.jpg,closeup
depositphotos_41011395-stock-photo-scarlet-macaw.jpg,closeup
DqyV-ihVsAA4yjj.jpg,closeup
DSC_4769.jpg,closeup
gettyimages-167502062-1024x1024.jpg,closeup
inbfcc6mdilxmmsx1faxdc93pfbr1dq5zjx99vwg8x2rb4ruztdj57td9j1rj4tr-_2.jpg,closeup
Macaw.jpg,closeup
Missing-Scarlet-Macaw-1280x720.jpg,closeup
photo-1567487887108-522ab4399eea.jpg,closeup
scarlet-macaw-ara-macao-large-red-yellow-and-blue-central-and-south-american-parrot-native-to-humid-forests-of-tropical-central-and-south-americ-T9MC8R.jpg,closeup
Scarlet-Macaw-at-Paradise-Park-Cornwall-2.jpg,closeup
scarlet-macaw-wallpapers-1.jpg,closeup
scarlet-macaw-wallpapers-29.jpg,closeup
ScarletMacaw.jpg,closeup
Scarlet_Macaw_(17275987).jpg,closeup
the-scarlet-macaw-d-s-images.jpg,closeup
00-00-04-237.jpg,flying
00-00-04-871.jpg,flying
003072-909-20170301013550.jpg,flying
0572-Scarlet-Macaw_MG_8868.jpg,flying
0572-Scarlet-Macaw_MG_8868_2.jpg,flying
0572-Scarlet-Macaw_MG_8868_3.jpg,flying
1-Ara-macao-pair-flying-through-canopy_C.jpg,flying
1-Ara-macao-pair-flying-through-canopy_C_2.jpg,flying
1.jpg,flying
100232861.jpg,flying
128633211.jpg,flying
140417511.jpg,flying
141532951.jpg,flying
141532951_2.jpg,flying
142648201.jpg,flying
143076931.jpg,flying
143077041.jpg,flying
167519681.jpg,flying
167583221.jpg,flying
167583221_2.jpg,flying
172862591.jpg,flying
172862611_2.jpg,flying
174965261.jpg,flying
177935731.jpg,flying
179419031.jpg,flying
2.jpg,flying
20---Scarlet-Mackaw.jpg,flying
3.jpg,flying
33-70541-2.jpg,flying
34003481.jpg,flying
4.jpg,flying
44409331.jpg,flying
44409331_2.jpg,flying
52333291.jpg,flying
5354798709_28f9be237c_b.jpg,flying
5354798709_28f9be237c_b_2.jpg,flying
54461551.jpg,flying
5ca5d0b7-c15b-4a46-be05-fcfc7336241a_rw_1920.jpg,flying
5ca5d0b7-c15b-4a46-be05-fcfc7336241a_rw_1920_2.jpg,flying
62298071.jpg,flying
68177961.jpg,flying
68177981.jpg,flying
68177981_2.jpg,flying
68178021.jpg,flying
68178021_2.jpg,flying
68178071.jpg,flying
68178071_2.jpg,flying
68b53654-4cf1-4543-ab50-fc46d4ec30e1_rw_1920.jpg,flying
7.jpg,flying
70642172_2349984445100769_7931439619256399616_n.jpg,flying
77498471.jpg,flying
97937681.jpg,flying
97937831.jpg,flying
a-scarlet-macaw-in-flight-EYW5B5.jpg,flying
beautiful-scarlet-macaw-flying.jpg,flying
colorful-scarlet-macaw.jpg,flying
EEV1ufzVUAA8G9s.jpg,flying
eff55aff5b9499a25eb5ea3492e37da5.jpg,flying
eff55aff5b9499a25eb5ea3492e37da5_2.jpg,flying
gettyimages-650026001-1024x1024.jpg,flying
Guacamaya_roja.jpg,flying
Guacamaya_roja_2.jpg,flying
macaw_16x9.jpg,flying
q_70.jpg,flying
q_70_2.jpg,flying
q_70_3.jpg,flying
Red-Bank-Village-and-the-Scarlet-Macaw-Tour-1280x720.jpg,flying
Red-Bank-Village-and-the-Scarlet-Macaw-Tour-1280x720_2.jpg,flying
"Scarlet-Macaw,-Peru.jpg",flying
scarlet-macaw-bird-1366x768.jpg,flying
scarlet-macaw-carate-costa-rica-toftphoto-1500x630.jpg,flying
scarlet-macaw-costarica-workshop-1500x630.jpg,flying
scarlet-macaw-wallpapers-26.jpg,flying
scarlet-macaw-wallpapers-37.jpg,flying
scarlet_macaw_ara_macao.jpg,flying
stock-photo-scarlet-macaw-in-flight-1008485116.jpg,flying
zdenek-machacek-1396821-unsplash.jpg,flying
1-scarlet_macaws_papago_park_phoenix_az_nov_28_2003_inpixio.jpg,interacting
1200px-Scarlet_Macaw_Eating.jpg,interacting
134155961.jpg,interacting
135219201.jpg,interacting
136140661.jpg,interacting
139160241.jpg,interacting
139160321.jpg,interacting
142957611.jpg,interacting
142957611_2.jpg,interacting
144415601.jpg,interacting
145212401.jpg,interacting
148262451.jpg,interacting
155825201.jpg,interacting
158432601.jpg,interacting
1604547-QITREZIO-7.jpg,interacting
169549531.jpg,interacting
169549531_2.jpg,interacting
172505491.jpg,interacting
172505501.jpg,interacting
20603341.jpg,interacting
20603571.jpg,interacting
20661321.JPG,interacting
23046451.JPG,interacting
24663631.jpg,interacting
27953471.jpg,interacting
30524511.JPG,interacting
33159371.JPG,interacting
33159371_2.jpg,interacting
36218601.jpg,interacting
38125945256_9bd18836d5_b.jpg,interacting
40972119-portrait-of-colorful-scarlet-macaw-parrots.jpg,interacting
42432061.jpg,interacting
42752771.jpg,interacting
43504821.jpg,interacting
43553831.JPG,interacting
44409311.jpg,interacting
45688061.JPG,interacting
47257631.jpg,interacting
48205981.jpg,interacting
48311841.jpg,interacting
48601211.jpg,interacting
48904111.jpg,interacting
50159491.jpg,interacting
52488121.jpg,interacting
53486971_2.jpg,interacting
58818781.jpg,interacting
59053711.jpg,interacting
68179961.jpg,interacting
69211771.jpg,interacting
69594554_106708597264385_9114846695372225212_n.jpg,interacting
6b2fbca48dc874558c7820a95a9c7024.jpg,interacting
70205438_2874185322807160_6781845257508920643_n.jpg,interacting
70224861.jpg,interacting
73866721.jpg,interacting
73986951.jpg,interacting
76200891.jpg,interacting
77640801.jpg,interacting
78177641.jpg,interacting
78737041.jpg,interacting
82461001.jpg,interacting
82465261.jpg,interacting
87238091.jpg,interacting
9.jpg,interacting
90162281.jpg,interacting
90162351.jpg,interacting
93482421.jpg,interacting
96037571.jpg,interacting
97937701.jpg,interacting
ARTWORK_CLP_HONDURAS_IPHONEX_ERNE3163.jpg,interacting
baby-scarlet-macaw-5d5e21d129f4f.jpg,interacting
colorful-scarlet-macaw-aviary-sitting-on-the-log-back-profile-isolated-on-a-white-background-WJXRDK.jpg,interacting
depositphotos_163583526-stock-photo-scarlet-macaw-parrot.jpg,interacting
depositphotos_192276812-stock-photo-scarlet-macaw-ara-macao-large.jpg,interacting
depositphotos_203822878-stock-photo-scarlet-macaw-ara-macao-national.jpg,interacting
depositphotos_208033340-stock-photo-portrait-colorful-scarlet-macaw-parrot.jpg,interacting
depositphotos_219532226-stock-photo-couple-scarlet-macaw_2.jpg,interacting
depositphotos_34263161-stock-photo-macaw-sitting-on-branch.jpg,interacting
DSC_7817.jpg,interacting
EEM_qZYX4AETsLS.jpg,interacting
fcc9561d7f11b0e3c0b734c87f97927c.jpg,interacting
fcc9561d7f11b0e3c0b734c87f97927c_2.jpg,interacting
gettyimages-116270248-1024x1024.jpg,interacting
"mp,840x830,matte,f8f8f8,t-pad,1000x1000,f8f8f8.jpg",interacting
scarlet-macaw-opening-peanut-in-cage-on-tropical-rainforest-WE0R84.jpg,interacting
scarlet-macaw-parrot-in-a-natural-park-in-cartagena-colombia-WMGB2B.jpg,interacting
scarlet.jpg,interacting
Scarlet_Macaw_(10)_(40194388294).jpg,interacting
south-american-scarlet-macaw-ara-macao-posing-on-a-pole-seen-in-profile-F0JMFA.jpg,interacting
stock-photo-portrait-of-colorful-scarlet-macaw-parrot-stand-on-timber-in-the-zoo-1013632573.jpg,interacting
003072-109-20190105033306.jpg,perching
090910 scarlett macaw.jpg,perching
107789051.jpg,perching
108294081.jpg,perching
108294091.jpg,perching
108302881.jpg,perching
108411221.jpg,perching
108440271.jpg,perching
109865241.jpg,perching
112282931.jpg,perching
113900631.jpg,perching
113900651.jpg,perching
113900661.jpg,perching
114499751.jpg,perching
114869491.jpg,perching
114869491_2.jpg,perching
114955881.jpg,perching
116044681.jpg,perching
116118809-scarlet-macaw-ara-macao-large-red-yellow-and-blue-central-and-south-american-parrot-member-of-large-.jpg,perching
120607381.jpg,perching
125086121.jpg,perching
125304381.jpg,perching
1280-1200-119743428-scarlet-macaw.jpg,perching
1280-1200-157373375-scarlet-macaws.jpg,perching
1280-1200-157373375-scarlet-macaws_2.jpg,perching
1280-1200-501363827-red-macaw.jpg,perching
128357781.jpg,perching
128358581.jpg,perching
128618371.jpg,perching
131074371.jpg,perching
131074441.jpg,perching
132945361.jpg,perching
141844581.jpg,perching
144198511.jpg,perching
145097561.jpg,perching
145098841.jpg,perching
145212351.jpg,perching
145625121.jpg,perching
145625201.jpg,perching
145625211.jpg,perching
145625221.jpg,perching
145625221_2.jpg,perching
146137951.jpg,perching
146137961.jpg,perching
146173571.jpg,perching
146635301.jpg,perching
147590911.jpg,perching
147590911_2.jpg,perching
147590921_2.jpg,perching
147866531.jpg,perching
148355951.jpg,perching
148385051.jpg,perching
149832431.jpg,perching
149892931.jpg,perching
149893611.jpg,perching
151779241.jpg,perching
151779481.jpg,perching
151962771.jpg,perching
153864651.jpg,perching
153864651_2.jpg,perching
153864681.jpg,perching
153864681_2.jpg,perching
159635891.jpg,perching
161102591.jpg,perching
161102691.jpg,perching
16357990030_6f329de7cd_b.jpg,perching
165650391.jpg,perching
165650391_2.jpg,perching
166523951.jpg,perching
167828831.jpg,perching
16_Scarlet-macaw.jpg,perching
170669031.jpg,perching
170844811.jpg,perching
170912471.jpg,perching
170912501.jpg,perching
170912531.jpg,perching
172546961.jpg,perching
174098601.jpg,perching
174454651.jpg,perching
174780411.jpg,perching
174965211.jpg,perching
174965861.jpg,perching
176112391_2.jpg,perching
176230631.jpg,perching
176326881.jpg,perching
176653631.jpg,perching
176654121.jpg,perching
176680871.jpg,perching
177327191.jpg,perching
179010481.jpg,perching
179010481_2.jpg,perching
179010491.jpg,perching
179232521.jpg,perching
179419151.jpg,perching
18510133108_a4d9a6895c_b.jpg,perching
20180818_STP004_0.jpg,perching
20180818_STP004_0_2.jpg,perching
20180818_STP004_0_3.jpg,perching
20180818_STP004_0_4.jpg,perching
20207491.jpg,perching
24f043_9eaed039013d4fceafc41146344ab33a_mv1.jpg,perching
25692631.jpg,perching
27889751.jpg,perching
282284203.jpg,perching
3040103510_722843b3d5_b.jpg,perching
30579720-beautiful-of-half-length-scarlet-macaw-bird-isolated-on-white-background.jpg,perching
32771505222_8f6afd0012_b.jpg,perching
33-70541-2_2.jpg,perching
33768231.jpg,perching
3575421565768491328.jpg,perching
3575421565768491328_2.jpg,perching
35768301.jpg,perching
35853371.jpg,perching
35853391.jpg,perching
36787531.JPG,perching
37148771.JPG,perching
38032681.jpg,perching
38032681_2.jpg,perching
3814551119_cf0bd815d8_b.jpg,perching
38695101.JPG,perching
38695151.JPG,perching
38695151_2.jpg,perching
39953321.jpg,perching
40375841.JPG,perching
40907461.jpg,perching
40907521.jpg,perching
41402701.JPG,perching
41402701_2.jpg,perching
42097061.jpg,perching
42432121.jpg,perching
42752831.jpg,perching
43504781.jpg,perching
43676403-close-up-of-colorful-scarlet-macaw-parrot.jpg,perching
43907291.JPG,perching
45854331.jpg,perching
4672772586_8052370c80_b.jpg,perching
47881571.jpg,perching
47881611.jpg,perching
48098481.jpg,perching
48098571.jpg,perching
48249441.jpg,perching
49124641.jpg,perching
49258301.jpg,perching
49510_00_2x.jpg,perching
5.jpg,perching
50218851.jpg,perching
50416251.jpg,perching
50927191.jpg,perching
5173202764_9f0aa0fa0d_b.jpg,perching
51janPUAW0L._AC_UL1500_.jpg,perching
51janPUAW0L._AC_UL1500__2.jpg,perching
52023761.jpg,perching
52023771.jpg,perching
53482381.jpg,perching
53802820-scarlet-macaw-ara-macao-is-a-large-red-yellow-and-blue-south-american-parrot-.jpg,perching
53884371_397779107444858_5022087821645578240_o-1.jpg,perching
53884371_397779107444858_5022087821645578240_o-2.jpg,perching
54460801.jpg,perching
5512641019_0fbf180dfa_b.jpg,perching
56787951.jpg,perching
57347371.jpg,perching
58327821.jpg,perching
58532691.jpg,perching
59655421.jpg,perching
6.jpg,perching
6000404507_2a9c47733a_b.jpg,perching
61135051.jpg,perching
65601531_2349926111949087_866394729819755435_n.jpg,perching
66286115-scarlet-macaw-parrot-bird-perching-on-the-wooden-log-with-beautiful-back-feathers.jpg,perching
66968101.jpg,perching
68765111.jpg,perching
68899944_133476554601851_8662235061795200049_n.jpg,perching
68901732_739263166511747_2774084981746477202_n.jpg,perching
69174831.jpg,perching
69236708_140434200542832_7416877529399580944_n.jpg,perching
69239812_127298341574913_4628047354245993247_n.jpg,perching
69429285_1157199461135138_3621103293005635008_n.jpg,perching
69429285_1157199461135138_3621103293005635008_n_2.jpg,perching
70439511.jpg,perching
70627481_133536341246480_607186618157411589_n.jpg,perching
70921851_2.jpg,perching
72954021.jpg,perching
72954031.jpg,perching
74622281.jpg,perching
78189691.jpg,perching
79552742-scarlet-macaw-in-park-macaw-mountain-copan-honduras.jpg,perching
8.jpg,perching
81378421.jpg,perching
81725241.jpg,perching
82465331.jpg,perching
82465431.jpg,perching
86163991-scarlet-macaw-ara-macao-perched-on-low-branch.jpg,perching
89627121.jpg,perching
90363266-portrait-of-scarlet-macaw-ara-macao-perched-on-tree.jpg,perching
92496257-pair-of-big-parrot-scarlet-macaw-ara-macao-two-birds-sitting-on-branch-brazil-wildlife-love-scene-fr.jpg,perching
92496257-pair-of-big-parrot-scarlet-macaw-ara-macao-two-birds-sitting-on-branch-brazil-wildlife-love-scene-fr_2.jpg,perching
92774121.jpg,perching
93662641.jpg,perching
93693291.jpg,perching
94431261.jpg,perching
97318544-a-scarlet-macaw-in-copan-honduras-central-america.jpg,perching
98900671.jpg,perching
99801321.jpg,perching
99801461.jpg,perching
a-scarlet-macaw-sitting-on-a-branch-EYW5BA.jpg,perching
a118a645-a780-4a67-88df-f1815a9338cf_1.6adc07aeeef41f34758c99b3e1137e70.jpg,perching
a118a645-a780-4a67-88df-f1815a9338cf_1.6adc07aeeef41f34758c99b3e1137e70_2.jpg,perching
a529e549fe3851951e0814c82ca112b445e39bf2.jpg,perching
birds-383a.jpg,perching
blog-animal-update-scarlet-macaw-1260x840.jpg,perching
blog-new-macaws-1500x575-header.jpg,perching
colorful-scarlet-macaw-aviary-sitting-on-the-log-isolated-on-a-white-background-WJXRDF.jpg,perching
"Copan,_Scarlet_macaws_(15336469354).jpg",perching
"Copan,_Scarlet_macaws_(15336469354)_2.jpg",perching
depositphotos_160568926-stock-photo-scarlet-macaw-in-forest.jpg,perching
depositphotos_164120962-stock-photo-scarlet-macaw-ara-macao-a.jpg,perching
depositphotos_201617000-stock-photo-red-parrot-scarlet-macaw-ara.jpg,perching
depositphotos_203823142-stock-photo-scarlet-macaw-ara-macao-national.jpg,perching
depositphotos_203829598-stock-photo-scarlet-macaw-ara-macao-national.jpg,perching
depositphotos_204890972-stock-photo-red-parrot-scarlet-macaw-ara.jpg,perching
depositphotos_219532226-stock-photo-couple-scarlet-macaw.jpg,perching
DSC_8613.jpg,perching
EDDt1rVWsAAnJjI.jpg,perching
EERp5EPWwAEnCVc.jpg,perching
French_guiana_0369_1536x1024.jpg,perching
gettyimages-522372580-1024x1024.jpg,perching
gettyimages-817873764-1024x1024.jpg,perching
https___specials-images.forbesimg.com_imageserve_849939080_960x0.jpg,perching
IMG_7715.jpg,perching
kevin-hays-scarletmacaw-medium.jpg,perching
macaw-488227.jpg,perching
macaw-bird-parrot-tropical.jpg,perching
maxresdefault.jpg,perching
maxresdefault3.jpg,perching
pa.jpg,perching
Parrot-4.jpg,perching
PI112577-hr.jpg,perching
red-macaw-parrot-is-sticking-on-the-branches-WP5KFH.jpg,perching
scarlet macaw 1.jpg,perching
scarlet macaw 1_2.jpg,perching
scarlet macaw manuel antonio.jpg,perching
scarlet-macaw-1364890.jpg,perching
scarlet-macaw-2.jpg,perching
scarlet-macaw-ara-macao-macaw-mountain-bird-park-copan-ruinas-honduras-X6943M.jpg,perching
scarlet-macaw-ara-macao-perched-in-tree-native-to-forests-of-tropical-central-and-south-america-W1G167.jpg,perching
scarlet-macaw-ara-macaw-costa-rica-wild-CBW89G.jpg,perching
Scarlet-Macaw-at-Paradise-Park-in-Hayle-Cornwall.jpg,perching
Scarlet-Macaw-cr.jpg,perching
scarlet-macaw-parrot-bird-blue-and-yellow-macaw-parrot-macaw.jpg,perching
scarlet-macaw-stock-picture-2316273.jpg,perching
scarlet-macaw-thepalmer.jpg,perching
scarlet-macaw-wallpapers-18.jpg,perching
scarlet-macaw-wallpapers-2.jpg,perching
scarlet-macaw-wallpapers-24.jpg,perching
scarlet-macaw-wallpapers-25.jpg,perching
scarlet-macaw-wallpapers-34.jpg,perching
scarlet-macaw-wallpapers-6.jpg,perching
scarlet-macaw-wallpapers-9.jpg,perching
scarlet-macaw-with-out-of-focus-foliage-in-the-amazon-rain-forest-near-iquitos-peru-WKWWP0.jpg,perching
Scarlet-Macaw.jpg,perching
scarlet-macaw2.jpg,perching
Scarlet_Macaw_at_Kuranda-1_(6285883802).jpg,perching
scarlet_macaw_by_dale427_d1ljhi6-pre.jpg,perching
ScarMacawFWZ090901.jpg,perching
stock-photo-photo-of-a-scarlet-macaw-ara-macao-taken-in-chiriqui-panama-macaws-are-large-red-yellow-and-324933755.jpg,perching
Untitled_Panorama1b.jpg,perching
Untitled_Panorama1b_2.jpg,perching
108440251.jpg,walking
108841791.jpg,walking
1200px-Scarlet_Macaw_(Ara_macao)_-Panama-8a.jpg,walking
1200px-Scarlet_Macaw_(Ara_macao)_-Panama-8a_2.jpg,walking
125304321.jpg,walking
128633171.jpg,walking
129954341.jpg,walking
129960871.jpg,walking
131074401.jpg,walking
137352151.jpg,walking
14-Scarlet-Macaw-Ara-macao-1024x795.jpg,walking
140295-budgerigar-lorikeet-beak-macaw-television-750x1334.jpg,walking
144415591.jpg,walking
144415591_2.jpg,walking
144643671.jpg,walking
144643681.jpg,walking
148372971.jpg,walking
149832431_2.jpg,walking
157838001.jpg,walking
160274221.jpg,walking
161102781.jpg,walking
163227221_bd8a06e680_b.jpg,walking
163827891.jpg,walking
166549361.jpg,walking
170991871.jpg,walking
172862611.jpg,walking
174780401.jpg,walking
176112391.jpg,walking
176230591.jpg,walking
177389561.jpg,walking
177562001.jpg,walking
24786641.JPG,walking
24786641_2.jpg,walking
25357441.jpg,walking
29039621.jpg,walking
32627487391_2c1b154667_b.jpg,walking
37683861.jpg,walking
40375951.JPG,walking
42432111.jpg,walking
42752751.jpg,walking
42942481.JPG,walking
43107191.jpg,walking
48122521.jpg,walking
53486971.jpg,walking
54164631.jpg,walking
58328031.jpg,walking
60675541.jpg,walking
62557421.jpg,walking
64217361.jpg,walking
65301900_689470171506261_1655450082888862105_n.jpg,walking
73425521.jpg,walking
73425531.jpg,walking
74622241.jpg,walking
76832401.jpg,walking
77666801.jpg,walking
80976381.jpg,walking
82460791.jpg,walking
82460811.jpg,walking
82460811_2.jpg,walking
87082721.jpg,walking
87371351.jpg,walking
88543471.jpg,walking
93662691.jpg,walking
99801461_2.jpg,walking
Copan_birds_and_wildlife-Scarlet_Macaw_(6849858148).jpg,walking
D869_24_398_1200.jpg,walking
depositphotos_154057446-stock-photo-wild-scarlet-macaw.jpg,walking
maxresdefault_2.jpg,walking
P1001557.jpg,walking
Scarlet-Macaw-Guacamayo-escarlata-Ara-macao-Humberto-Castillo-amazoniaphoto.com_.jpg,walking
Scarlet-Macaw-Guacamayo-escarlata-Ara-macao-Humberto-Castillo-amazoniaphoto.com__2.jpg,walking
scarlet-macaw-wallpapers-25610-2624767.jpg,walking
scarlet-macaw-wallpapers-30.jpg,walking
ScarletMacaw_0.jpg,walking
Scarlet_Macaw_RWD3.jpg,walking
stock-photo-scarlet-macaw-ara-macao-476192341.jpg,walking
