filename,class
00-00-04-237-b.png,a
,
00-00-04-237.jpg,
,
108440251-b.png,
,
108440251.jpg,
,
109865241-b.png,
,
109865241.jpg,
,
1280-1200-157373375-scarlet-macaws-b.png,
,
1280-1200-157373375-scarlet-macaws.jpg,
,
145212351-b.png,
,
145212351.jpg,
,
148262451-b.png,
,
148262451.jpg,
,
177389561-b.png,
,
177389561.jpg,
,
23046391-b.png,
,
23046391.JPG,
,
43553831-b.png,
,
43553831.JPG,
,
48601211-b.png,
,
48601211.jpg,
,
54164631-b.png,
,
54164631.jpg,
,
64217361-b.png,
,
64217361.jpg,
,
8-b.png,
,
8.jpg,
,
82460811-b.png,
,
82460811.jpg,
,
90808791-b.png,
,
90808791.jpg,
,
Red-Bank-Village-and-the-Scarlet-Macaw-Tour-1280x720_2-b.png,
,
Red-Bank-Village-and-the-Scarlet-Macaw-Tour-1280x720_2.jpg,
,
Scarlet Macaw-b.png,
,
Scarlet Macaw.jpg,
,
Scarlet-Macaw-cr-b.png,
,
Scarlet-Macaw-cr.jpg,
,
a529e549fe3851951e0814c82ca112b445e39bf2-b.png,
,
a529e549fe3851951e0814c82ca112b445e39bf2.jpg,
,
class.csv,
,
maxresdefault2-b.png,
,
maxresdefault2.jpg,
,
scarlet-macaw-ara-macao-perched-in-tree-native-to-forests-of-tropical-central-and-south-america-W1G167-b.png,
,
scarlet-macaw-ara-macao-perched-in-tree-native-to-forests-of-tropical-central-and-south-america-W1G167.jpg,
,
scarlet-macaw-bird-1366x768-b.png,
,
scarlet-macaw-bird-1366x768.jpg,
,
scarlet-macaw-wallpapers-29-b.png,
,
scarlet-macaw-wallpapers-29.jpg,
,
stock-photo-photo-of-a-scarlet-macaw-ara-macao-taken-in-chiriqui-panama-macaws-are-large-red-yellow-and-324933755-b.png,
,
stock-photo-photo-of-a-scarlet-macaw-ara-macao-taken-in-chiriqui-panama-macaws-are-large-red-yellow-and-324933755.jpg,
